LookId,SellerName,HedgeAdvisorName,AbaMemberBit,CommitPeriodGrp,LoanAmt,BaseLoanAmt,NoteRate,PropTypeName,PropUsageTypeName,PropUnitsCnt,MtgTypeName,LoanPurposeTypeName,DocumentationTypeName,AusTypeName,CreditScoreNum,LtvRatio,CltvRatio,EscrowImpoundBit,AppraisalWaiverBit,PropStateCd,RefiTypeName,RefiProgTypeName,AmortTypeName,AmortTermMonthsGrp,UnderwritingProgName,FirstTimeHomeBuyerBit,HighBalBit,PriorYrHighBalBit,GseAffordableProgBit,CraEligBit,BorrowerIncomeTypeName,CensusTractIncomeTypeName,CensusTractMinorityTypeName,LqaYellowBit,AmiLlpaCapEligBit,EligBit,ExecTypeName,ExecInvestorName,ExecMethodName,ProdCd,SpecName,Cpn,BaseSrvRate,ExcessSrvRate,BuyUpRate,BuyDnRate,BreakevenPrice,LlpaPrice,SpecPayupPrice,FeeAmt,VlipBit,LipBit,LirBit,LadBit,LacsBit,MasBit,LqaYellowProb,LoanAgeDays,BaseSrvMult,ExcessSrvMult,BuyUpMult,BuyDnMult,TotalDebtExpenseRatio,TotalMonthlyVerifiedIncomeAmt,UnknownTotalMonthlyVerifiedIncomeAmtBit,BenchMarginPrice
1973731,rogerrabbit,mct,0,7,699000,699000,7,singlefamily,primaryresidence,1,va,refi,full,du,807,76.393,76.393,1,0,tx,nocashout,irrrl,fixed,360,irrrlfixed30,0,0,0,0,0,upper,high,lower middle,0,0,0,security,gnmaii,gnsec,g2f30s,newprod,6.5,0.19,0.25,0,0,102.62206,0,0.03125,320,0,0,0,0,0,0,0,2,6.645,3.4,0,0,41.1,25000,0,-0.1873
1973880,rogerrabbit,mct,0,7,180000,180000,4.75,singlefamily,primaryresidence,1,conf,refi,full,du,804,36.364,36.364,1,0,nm,cashout,other,fixed,180,fnmafixed15,0,0,0,0,0,upper,high,upper middle,0,0,0,security,fglmc,cap,fgf15s,newprod,4,0.25,0.155,0,0,96.166257,-0.375,0.001953,320,0,0,0,0,0,0,0.0056,170,5.362,4.26,3.985,5.385,21.7,12500.8,0,-0.1873
1973881,onetrust,mct,0,7,615200,615200,7.25,pud,secondhome,1,conf,purchase,full,du,767,80,80,1,0,sc,other,other,fixed,360,fnmafixed30,0,0,0,0,0,upper,high,low,0,0,0,security,fglmc,cap,fgf30s,newprod,6.5,0.25,0.01,0,0,97.690789,-4,0.000122,320,0,0,0,0,0,0,0.013,98,5.016,3.376,3.035,4.435,35.1,32792.74,0,-0.1873
1973882,onetrust,mct,0,7,544000,544000,6.25,singlefamily,primaryresidence,1,conf,purchase,full,du,806,80,80,1,0,sd,other,other,fixed,360,fnmafixed30,1,0,0,0,0,upper,middle,very low,0,0,0,security,fglmc,cap,fgf30s,newprod,5.5,0.25,0.01,0,0,97.632476,-0.375,0.000122,320,0,0,0,0,0,0,0.007,101,5.855,4.269,4.469,5.669,32.9,12500,0,-0.1873
1973887,harsh,mct,0,7,399200,399200,6.875,singlefamily,primaryresidence,1,conf,purchase,full,du,770,80,80,1,0,nm,other,other,fixed,360,fnmafixed30,0,0,0,0,0,upper,middle,upper middle,0,0,0,security,fglmc,cap,fgf30s,newprod,6,0.25,0.135,0,0,100.05611,-0.625,0.001953,320,0,0,0,0,0,0,0.0723,105,5.407,4.086,3.601,4.801,46.3,10633.33,0,-0.1873
1973888,onetrust,mct,0,7,228900,228900,7,singlefamily,secondhome,1,conf,purchase,full,du,764,78.931,78.931,0,0,nm,other,other,fixed,360,fnmafixed30,0,0,0,0,0,upper,high,lower middle,0,0,0,security,fglmc,buyup,fgf30s,bal 250k,6,0.25,0.25,0.01,0,97.569422,-4,0.4375,320,0,0,0,0,0,0,0.116,105,4.85,4.442,3.442,4.742,50,8618.5,0,-0.1873
1973897,onetrust,mct,0,7,744600,744600,7.25,pud,primaryresidence,1,conf,purchase,full,du,694,85,85,1,0,ca,other,other,fixed,360,fnmafixed30highbal,0,1,1,0,0,upper,high,upper middle,1,0,0,security,fnma,buyup,fnf30s,hb,6.5,0.25,0,0.03,0,98.5865,-2.875,-0.00125,320,0,0,0,0,0,0,0.4163,126,4.592,3.148,2.892,4.172,49.9,17500.02,0,-0.1873
1973898,onetrust,mct,0,7,261609,261609,6.625,singlefamily,primaryresidence,1,conf,purchase,full,lp,736,97,102.562,1,0,ga,other,other,fixed,360,fhlmcfixed30homepossible,1,0,0,1,1,moderate,moderate,lower middle,0,1,0,security,fglmc,buydn,fgf30s,bal 275k,6,0.25,0,0,0.115,99.947738,0,0.25,320,0,1,0,1,0,1,0,91,6.104,5.091,3.959,5.159,46,4903.24,0,-0.1873
1973903,onetrust,mct,0,7,268000,268000,7,pud,secondhome,1,conf,purchase,full,du,753,80,80,1,0,ga,other,other,fixed,360,fnmafixed30,0,0,0,0,0,upper,middle,upper middle,0,0,0,security,fglmc,buyup,fgf30s,bal 275k,6,0.25,0.25,0.01,0,97.29544,-4.25,0.25,320,0,0,0,0,0,0,0.0174,126,5.654,4.295,3.442,4.742,36.6,11752.63,0,-0.1873
1973904,onetrust,mct,0,7,553964,553964,5.75,pud,primaryresidence,1,conf,purchase,full,du,764,80,80,1,0,fl,other,other,fixed,360,fnmafixed30,1,0,0,0,0,upper,middle,lower middle,0,0,0,security,fglmc,cap,fgf30s,fl,5,0.25,0.01,0,0,95.206565,-0.625,0.003125,320,0,0,0,0,0,0,0.1346,95,6.694,4.922,5.019,6.219,50,10806.67,0,-0.1873
1973905,onetrust,mct,0,7,346750,346750,7,pud,primaryresidence,1,conf,purchase,full,du,705,95,95,1,0,ga,other,other,fixed,360,fnmafixed30,1,0,0,0,0,upper,middle,upper middle,1,0,0,security,fnma,buyup,fnf30s,ltv  95,6,0.25,0.03,0.25,0,99.873309,-1.125,0.003125,320,0,0,0,0,0,0,0.5992,107,5.373,4.074,3.706,5.156,46.6,8340.33,0,-0.1873
1973913,onetrust,mct,0,7,412000,412000,7,condo,secondhome,1,conf,purchase,full,du,783,80,80,1,0,sc,other,other,fixed,360,fnmafixed30,0,0,0,0,0,upper,high,very low,0,0,0,security,fglmc,buyup,fgf30s,newprod,6,0.25,0.25,0.01,0,96.59904,-4.5,0.001953,320,0,0,0,0,0,0,0.008,113,5.32,3.843,3.442,4.742,38,24741.67,0,-0.1873
1973914,onetrust,mct,0,7,232000,232000,7.25,pud,investment,1,conf,purchase,full,du,773,80,80,1,0,tx,other,other,fixed,360,fnmafixed30,0,0,0,0,0,upper,high,low,0,0,0,security,fglmc,cap,fgf30s,bal 250k,6.5,0.25,0.01,0,0,98.517193,-4,0.5,320,0,0,0,0,0,0,0.0083,91,6.264,4.618,3.035,4.435,24.7,24786.1,0,-0.1873
1973915,onetrust,mct,0,7,248000,248000,6.375,pud,primaryresidence,1,conf,purchase,full,du,799,80,80,0,0,tx,other,other,fixed,360,fnmafixed30,1,0,0,0,0,middle,middle,upper middle,0,0,0,security,fglmc,cap,fgf30s,bal 250k,5.5,0.25,0.135,0,0,99.112171,0,0.21875,320,0,0,0,1,0,0,0.0071,91,5.309,5.054,4.319,5.519,31.6,7772.18,0,-0.1873
1973917,onetrust,mct,0,7,504900,504900,5.625,singlefamily,primaryresidence,1,conf,purchase,full,du,776,85,85,1,0,id,other,other,fixed,360,fnmafixed30,1,0,0,0,0,upper,middle,low,0,0,0,security,fglmc,buydn,fgf30s,newprod,5,0.25,0,0,0.115,94.223928,-0.625,0.000122,320,0,0,0,0,0,0,0.01,161,5.916,4.909,5.129,6.329,34.7,18821.34,0,-0.1873
1973918,onetrust,mct,0,7,212000,212000,7.25,condo,investment,1,conf,purchase,full,du,795,80,80,1,0,id,other,other,fixed,360,fnmafixed30,0,0,0,0,0,upper,middle,lower middle,0,0,0,security,fglmc,cap,fgf30s,bal 225k,6.5,0.25,0.01,0,0,97.925103,-4.5,0.75,320,0,0,0,0,0,0,0.0069,120,4.919,4.172,3.035,4.435,41.2,12554.58,0,-0.1873
1973921,onetrust,mct,0,7,271200,271200,7.25,singlefamily,investment,1,conf,purchase,full,du,700,80,80,1,0,tn,other,other,fixed,360,fnmafixed30,0,0,0,0,1,moderate,middle,lower middle,0,0,0,security,fglmc,cap,fgf30s,bal 275k,6.5,0.25,0.01,0,0,97.302947,-4.75,0.375,320,0,0,0,0,0,0,0.112,116,4.952,3.817,3.035,4.435,14.6,3359.13,0,-0.1873
1973927,onetrust,mct,0,7,560000,560000,5.5,pud,primaryresidence,1,conf,purchase,full,du,733,80,80,1,1,ok,other,other,fixed,360,fnmafixed30,0,0,0,0,0,upper,high,lower middle,0,0,0,security,fglmc,buyup,fgf30s,newprod,4.5,0.25,0.25,0.01,0,93.100297,-1.25,0.000122,320,0,0,0,0,0,0,0.0334,161,6.746,5.001,5.109,6.309,32.1,20083.34,0,-0.1873
1973928,onetrust,mct,0,7,275833,275833,5.5,pud,primaryresidence,1,conf,purchase,full,du,704,80,80,1,0,ok,other,other,fixed,360,fnmafixed30,1,0,0,0,0,middle,high,lower middle,0,0,0,security,fglmc,buyup,fgf30s,newprod,4.5,0.25,0.25,0.01,0,92.986315,-1.375,0.000122,320,0,0,0,0,0,0,0.0966,172,6.522,5.271,5.109,6.309,37.3,7011.53,0,-0.1873
1973929,onetrust,mct,0,7,125550,125550,7.25,singlefamily,secondhome,1,conf,purchase,full,du,733,90,90,1,0,ok,other,other,fixed,360,fnmafixed30,1,0,0,0,1,upper,low,upper middle,0,0,0,security,fglmc,cap,fgf30s,bal 150k,6.5,0.25,0.01,0,0,97.942218,-5.125,1.5,320,0,0,0,0,0,0,0.0608,170,4.481,4.333,3.035,4.435,36,14364.29,0,-0.1873
1973932,onetrust,mct,0,7,683050,683050,6.5,pud,primaryresidence,1,conf,purchase,full,du,757,95,95,1,0,az,other,other,fixed,360,fnmafixed30,0,0,0,0,0,upper,high,low,0,0,0,security,fnma,buyup,fnf30s,ltv  95,5.5,0.25,0.03,0.25,0,98.176772,-0.625,0.078125,320,0,0,0,0,0,0,0.0227,101,4.98,3.561,4.146,5.776,26.8,20833.33,0,-0.1873
1973940,onetrust,mct,0,7,275000,275000,5.75,singlefamily,primaryresidence,1,conf,purchase,full,du,765,56.701,56.701,1,0,ma,other,other,fixed,360,fnmafixed30,0,0,0,0,1,low,middle,low,0,0,0,security,fglmc,cap,fgf30s,newprod,5,0.25,0.01,0,0,95.633133,0,0.000122,320,1,1,0,0,0,0,0.0537,109,5.913,4.791,5.019,6.219,48.4,4470.85,0,-0.1873
1973946,onetrust,mct,0,7,134000,134000,5.875,singlefamily,primaryresidence,1,conf,purchase,full,du,789,58.286,58.286,1,0,tx,other,other,fixed,360,fnmafixed30homeready,0,0,0,1,1,low,moderate,upper middle,0,0,0,security,fglmc,buydn,fgf30s,bal 150k,5.5,0.25,0,0,0.365,97.402652,0,0.9375,320,1,1,0,1,0,1,0.0148,91,7.345,5.907,4.909,6.109,44.7,2746,0,-0.1873
1973954,onetrust,mct,0,7,276250,276250,7.25,condo,investment,1,conf,purchase,full,du,791,85,85,1,0,sc,other,other,fixed,360,fnmafixed30,0,0,0,0,0,upper,high,very low,0,0,0,security,fglmc,cap,fgf30s,nonowner,6.5,0.25,0.01,0,0,96.778409,-5.25,0.21875,320,0,0,0,0,0,0,0.0065,149,5.464,4.317,3.035,4.435,26.5,22065.97,0,-0.1873
1973955,onetrust,mct,0,7,297500,297500,7.25,singlefamily,investment,1,conf,purchase,full,du,772,85,85,1,0,ga,other,other,fixed,360,fnmafixed30,0,0,0,0,1,middle,moderate,upper middle,0,0,0,security,fglmc,cap,fgf30s,nonowner,6.5,0.25,0.01,0,0,97.276859,-4.75,0.21875,320,0,0,0,0,0,0,0.015,147,5.462,4.071,3.035,4.435,39.2,6413.33,0,-0.1873
1973956,onetrust,mct,0,7,222080,222080,7.25,pud,investment,1,conf,purchase,full,du,744,85,85,1,0,nc,other,other,fixed,360,fnmafixed30,0,0,0,0,0,upper,middle,upper middle,0,0,0,security,fglmc,cap,fgf30s,bal 225k,6.5,0.25,0.01,0,0,97.342793,-5.125,0.75,320,0,0,0,0,0,0,0.0296,149,5.099,4.103,3.035,4.435,33.5,10467.19,0,-0.1873
1973957,onetrust,mct,0,7,346500,346500,7,pud,secondhome,1,conf,purchase,full,du,778,90,90,1,0,sc,other,other,fixed,360,fnmafixed30,0,0,0,0,0,upper,high,lower middle,0,0,0,security,fglmc,buyup,fgf30s,newprod,6,0.25,0.25,0.01,0,96.549767,-4.625,0.001953,320,0,0,0,0,0,0,0.0326,136,5.37,4.097,3.442,4.742,45.9,21097.72,0,-0.1873
1973958,onetrust,mct,0,7,383400,383400,7.25,pud,secondhome,1,conf,purchase,full,du,785,90,90,1,0,nc,other,other,fixed,360,fnmafixed30,0,0,0,0,0,upper,middle,low,0,0,0,security,fglmc,cap,fgf30s,newprod,6.5,0.25,0.01,0,0,97.327948,-4.375,0.000122,320,0,0,0,0,0,0,0.0256,107,5.06,3.598,3.035,4.435,46.5,11659.84,0,-0.1873
1974027,onetrust,mct,0,7,1180000,1180000,4.75,singlefamily,primaryresidence,1,va,refi,full,du,698,100,100,1,0,nc,nocashout,irrrl,fixed,360,irrrlfixed30highbal,0,1,1,0,0,upper,middle,very low,0,0,0,security,gnmaii,gnsec,g2f30s,hb,4.5,0.19,0,0,0,91.177278,0,-2.03125,320,0,0,0,0,0,0,0,157,5.838,3.648,0,0,19.8,38647.06,0,-0.1873
1974029,onetrust,mct,0,7,469905,469905,5.5,pud,primaryresidence,1,conf,refi,full,du,790,75.791,75.791,1,0,nc,nocashout,other,fixed,360,fnmafixed30,1,0,0,0,0,upper,middle,low,0,0,0,security,fglmc,buyup,fgf30s,newprod,4.5,0.25,0.25,0.01,0,93.854737,-0.5,0.000122,320,0,0,0,0,0,0,0.0067,119,6.617,5.139,5.109,6.309,33.2,14350.01,0,-0.1873
1974058,onetrust,mct,0,7,630000,630000,6.75,pud,primaryresidence,1,conf,refi,full,du,808,63,63,0,0,sc,nocashout,other,fixed,360,fnmafixed30,0,0,0,0,0,upper,middle,lower middle,0,0,0,security,fglmc,cap,fgf30s,newprod,6,0.25,0.01,0,0,100.015992,0,0.001953,320,0,0,0,0,0,0,0.0067,92,4.823,3.772,3.779,5.079,38.8,14003.34,0,-0.1873
1974060,onetrust,mct,0,7,326114,320506,6.75,pud,primaryresidence,1,fha,refi,full,du,776,66.772,66.772,1,0,nc,nocashout,other,fixed,360,fhafixed30,0,0,0,0,0,upper,middle,low,0,0,0,security,gnmaii,gnsec,g2f30s,newprod,6.5,0.19,0,0,0,101.668743,0,0.03125,320,0,0,0,0,0,0,0,92,5.565,2.921,0,0,54.3,7762.88,0,-0.1873
1974173,onetrust,mct,0,7,360000,360000,6.25,pud,secondhome,1,conf,purchase,full,du,745,90,90,1,0,az,other,other,fixed,360,fnmafixed30,0,0,0,0,0,upper,middle,upper middle,1,0,0,security,fnma,buyup,fnf30s,newprod,5.5,0.25,0,0.03,0,92.837859,-4.875,0.000122,320,0,0,0,0,0,0,0.2537,176,5.087,3.899,4.366,6.076,48.1,12500,0,-0.1873
1974174,onetrust,mct,0,7,859151,844375,5.5,pud,primaryresidence,1,fha,purchase,full,du,649,96.5,96.5,1,0,ca,other,other,fixed,360,fhafixed30highbal,0,1,1,0,0,upper,high,upper middle,0,0,0,security,gnmaii,gnsec,g2f30s,hb,5,0.19,0.25,0,0,96.490237,0,-0.002093,320,0,0,0,0,0,0,0,176,3.699,3.818,0,0,57,16031.11,0,-0.1873
1974175,onetrust,mct,0,7,153000,153000,8.39,singlefamily,investment,1,conf,purchase,full,du,701,85,85,1,0,tx,other,other,fixed,360,fnmafixed30,0,0,0,0,1,low,moderate,upper middle,0,0,0,security,fglmc,cap,fgf30s,bal 175k,7.5,0.25,0.15,0,0,99.507492,-5.625,0.71875,320,0,0,0,0,0,0,0.1437,142,4.329,4.275,1.967,3.467,21.8,2870.26,0,-0.1873
1974178,onetrust,mct,0,7,461487,453550,6.25,singlefamily,primaryresidence,1,fha,purchase,full,du,659,96.5,96.5,1,0,ca,other,other,fixed,360,fhafixed30,0,0,0,0,1,upper,moderate,upper middle,0,0,0,security,gnmaii,gnsec,g2f30s,newprod,6,0.19,0,0,0,99.792835,0,0.019531,320,0,0,0,0,0,0,0,151,2.398,3.882,0,0,44.1,12933,0,-0.1873
1974179,onetrust,mct,0,7,388000,388000,6.875,singlefamily,primaryresidence,1,conf,purchase,full,du,708,97,97,1,0,wa,other,other,fixed,360,fnmafixed30,1,0,0,0,1,middle,moderate,upper middle,1,1,0,security,fnma,buyup,fnf30s,ltv  95,6,0.25,0,0.155,0,100.500693,0,0.003125,320,0,1,0,1,0,1,0.3036,172,5.296,4.44,3.816,5.316,41.2,7899.45,0,-0.1873
1974180,onetrust,mct,0,7,298984,293842,6.75,singlefamily,primaryresidence,1,fha,purchase,full,du,712,96.5,96.5,1,0,tx,other,other,fixed,300,fhafixed25,0,0,0,0,0,upper,high,upper middle,0,0,0,security,gnmaii,gnsec,g2f30s,newprod,6.5,0.19,0,0,0,101.904146,0,0.03125,320,0,0,0,0,0,0,0,164,6.802,5.121,0,0,52.3,9659.63,0,-0.1873
1974182,onetrust,mct,0,7,335805,330030,6.5,singlefamily,primaryresidence,1,fha,purchase,full,du,622,96.5,96.5,1,0,tx,other,other,fixed,360,fhafixed30,1,0,0,0,0,upper,middle,lower middle,0,0,0,security,gnmaii,gnsec,g2f30s,newprod,6,0.19,0.25,0,0,100.786378,0,0.019531,320,0,0,0,0,0,0,0,120,1.686,4.468,0,0,55.1,10078,0,-0.1873
1974187,onetrust,mct,0,7,250000,250000,5.875,unit2to4,investment,2,conf,purchase,full,du,801,60.976,60.976,1,0,tx,other,other,fixed,360,fnmafixed30,0,0,0,0,0,upper,middle,upper middle,0,0,0,security,fglmc,cap,fgf30s,tx,5,0.25,0.135,0,0,94.968929,-2,0.003125,320,0,0,0,0,0,0,0.0061,118,8.188,5.989,4.909,6.109,22.4,27122.62,0,-0.1873
1974188,onetrust,mct,0,7,818800,818800,6,singlefamily,primaryresidence,1,conf,purchase,full,du,751,92,92,1,0,ca,other,other,fixed,360,fnmafixed30highbal,1,1,1,0,0,upper,middle,lower middle,1,1,0,security,fnma,buyup,fnf30s,hb,5,0.25,0.03,0.25,0,96.449417,0,-0.001718,320,0,0,0,0,0,0,0.3374,105,5.437,4.049,4.113,5.863,46.2,13000,0,-0.1873
1974189,onetrust,mct,0,7,282000,282000,6.75,singlefamily,primaryresidence,1,conf,refi,full,du,638,60,60,1,1,az,nocashout,other,fixed,360,fnmafixed30,0,0,0,0,0,middle,middle,lower middle,0,0,0,security,fglmc,cap,fgf30s,fico <700,6,0.25,0.01,0,0,99.626511,-0.375,0.003125,320,0,0,0,0,0,0,0.1392,101,4.772,3.579,3.779,5.079,31.5,6791,0,-0.1873
1974190,onetrust,mct,0,7,651200,651200,6.75,singlefamily,primaryresidence,1,conf,purchase,full,du,806,80,80,1,0,wa,other,other,fixed,360,fnmafixed30,0,0,0,0,0,upper,middle,low,0,0,0,security,fglmc,cap,fgf30s,newprod,6,0.25,0.01,0,0,99.662192,-0.375,0.001953,320,0,0,0,0,0,0,0.0215,106,4.991,3.531,3.779,5.079,46.2,10638.83,0,-0.1873
1974191,onetrust,mct,0,7,550905,550905,5.75,pud,primaryresidence,1,conf,purchase,full,du,783,95,95,1,0,tx,other,other,fixed,360,fnmafixed30,0,0,0,0,0,upper,high,lower middle,0,0,0,security,fglmc,cap,fgf30s,ltv  95,5,0.25,0.01,0,0,95.682126,-0.25,0.003125,320,0,0,0,0,0,0,0.0709,116,7.081,5.178,5.019,6.219,49.6,14075.26,0,-0.1873
1974192,onetrust,mct,0,7,425000,425000,6.125,pud,primaryresidence,1,conf,purchase,full,du,811,85,85,1,0,wa,other,other,fixed,360,fnmafixed30,0,0,0,0,0,upper,high,low,0,0,0,security,fglmc,buyup,fgf30s,newprod,5,0.25,0.25,0.135,0,96.951136,-0.375,0.000122,320,0,0,0,0,0,0,0.0058,98,5.748,4.638,4.599,5.799,24.9,21435.95,0,-0.1873
1974194,onetrust,mct,0,7,656000,656000,6.25,singlefamily,primaryresidence,1,conf,purchase,full,lp,712,80,80,1,0,ca,other,other,fixed,360,fhlmcfixed30,1,0,0,0,0,upper,high,upper middle,0,0,0,security,fglmc,cap,fgf30s,newprod,5.5,0.25,0.01,0,0,96.441216,-1.375,0.000122,320,0,0,0,0,0,0,0,91,5.123,3.785,4.469,5.669,48.7,11924.48,0,-0.1873
1974195,onetrust,mct,0,7,544000,544000,6.875,singlefamily,primaryresidence,1,conf,purchase,full,du,693,80,80,1,0,tx,other,other,fixed,360,fnmafixed30,1,0,0,0,0,upper,high,lower middle,0,0,0,security,fglmc,cap,fgf30s,tx,6,0.25,0.135,0,0,99.165351,-1.75,0.003906,320,0,0,0,0,0,0,0.1569,109,6.26,4.244,3.601,4.801,40.6,20590.31,0,-0.1873
1974196,onetrust,mct,0,7,353479,347400,6,pud,primaryresidence,1,fha,purchase,full,du,665,96.5,96.5,1,0,tx,other,other,fixed,360,fhafixed30,1,0,0,0,0,middle,high,lower middle,0,0,0,security,gnmaii,gnsec,g2f30s,newprod,5.5,0.19,0.25,0,0,99.258624,0,0.001953,320,0,0,0,0,0,0,0,105,4.804,4.975,0,0,57,8552.13,0,-0.1873
1974201,onetrust,mct,0,7,410815,403750,5.5,singlefamily,primaryresidence,1,fha,purchase,full,du,747,95,95,1,0,ca,other,other,fixed,360,fhafixed30,1,0,0,0,0,upper,middle,low,0,0,0,security,gnmaii,gnsec,g2f30s,newprod,5,0.19,0.25,0,0,97.06072,0,0.001953,320,0,0,0,0,0,0,0,92,5.947,4.366,0,0,49.2,11375,0,-0.1873
1974202,onetrust,mct,0,7,343660,337750,5.625,singlefamily,primaryresidence,1,fha,purchase,full,du,653,96.5,96.5,1,0,fl,other,other,fixed,360,fhafixed30,1,0,0,0,0,middle,middle,lower middle,0,0,0,security,gnmaii,gnsec,g2f30s,newprod,5,0.19,0.375,0,0,96.934226,0,0.001953,320,0,0,0,0,0,0,0,91,1.723,4.702,0,0,54.7,6083.35,0,-0.1873
1974205,onetrust,mct,0,7,967500,967500,6.625,singlefamily,primaryresidence,1,conf,purchase,full,du,787,90,90,1,0,ca,other,other,fixed,360,fnmafixed30highbal,1,1,1,0,0,upper,middle,upper middle,0,0,0,security,fglmc,buydn,fgf30s,hb,6,0.25,0,0,0.115,98.109776,-1.25,-0.001218,320,0,0,0,0,0,0,0.0091,95,4.947,3.506,3.542,5.532,39.7,20370.67,0,-0.1873
1974209,onetrust,mct,0,7,517750,517750,6.625,singlefamily,primaryresidence,1,conf,purchase,full,du,735,95,95,1,0,wa,other,other,fixed,360,fnmafixed30,1,0,0,0,1,upper,moderate,lower middle,0,0,0,security,fglmc,buydn,fgf30s,ltv  95,6,0.25,0,0,0.115,98.584565,-0.875,0.003125,320,0,0,0,1,1,0,0.1094,95,5.223,4.012,3.959,5.159,38.2,14584.27,0,-0.1873
1974251,onetrust,mct,0,7,461268,461268,7.25,pud,primaryresidence,1,conf,purchase,full,du,682,95,95,1,0,sc,other,other,fixed,360,fnmafixed30,0,0,0,0,0,upper,high,lower middle,1,0,0,security,fnma,buyup,fnf30s,ltv  95,6.5,0.25,0,0.03,0,100.195937,-1.375,0.003125,320,0,0,0,0,0,0,0.3226,168,4.93,3.787,3.445,4.805,36.5,13752,0,-0.1873
1974252,onetrust,mct,0,7,384276,372000,6.375,pud,primaryresidence,1,va,purchase,full,du,687,100,100,1,0,sc,other,other,fixed,360,vafixed30,0,0,0,0,1,moderate,middle,lower middle,0,0,0,security,gnmaii,gnsec,g2f30s,newprod,6,0.19,0.125,0,0,100.492068,0,0.019531,320,0,0,0,0,0,0,0,102,3.599,3.721,0,0,63,5791.23,0,-0.1873
1974253,onetrust,mct,0,7,344932,339000,5.75,singlefamily,primaryresidence,1,fha,purchase,full,du,711,87.147,87.147,1,0,sc,other,other,fixed,360,fhafixed30,0,0,0,0,1,middle,low,upper middle,0,0,0,security,gnmaii,gnsec,g2f30s,newprod,5.5,0.19,0,0,0,98.27945,0,0.001953,320,0,0,0,0,0,0,0,107,6.262,4.614,0,0,48,7744.28,0,-0.1873
1974255,onetrust,mct,0,7,188034,184800,6.625,singlefamily,primaryresidence,1,fha,purchase,full,other,584,95.751,95.751,1,0,sc,other,other,fixed,360,fhafixed30,1,0,0,0,1,low,middle,lower middle,0,0,0,security,gnmaii,gnsec,g2f30s,bal 200k,6,0.19,0.375,0,0,100.268824,0,0.15625,320,0,0,0,0,0,0,0,91,-4.29,4.248,0,0,40,3712.83,0,-0.1873
1974257,onetrust,mct,0,7,279837,275025,6.25,singlefamily,primaryresidence,1,fha,purchase,full,du,719,96.5,96.5,1,0,sc,other,other,fixed,360,fhafixed30,0,0,0,0,0,middle,high,lower middle,0,0,0,security,gnmaii,gnsec,g2f30s,newprod,6,0.19,0,0,0,100.448657,0,0.019531,320,0,0,0,0,0,0,0,91,5.84,5.038,0,0,55,5694.35,0,-0.1873
1974258,onetrust,mct,0,7,355604,355604,7.75,pud,investment,1,conf,purchase,full,du,654,80,80,1,0,sc,other,other,fixed,360,fnmafixed30,0,0,0,0,0,upper,middle,lower middle,1,0,0,security,fnma,buyup,fnf30s,nonowner,7,0.25,0,0.03,0,97.383153,-5.625,0.28125,320,0,0,0,0,0,0,0.2023,113,4.665,3.61,2.934,4.084,27.9,15541.26,0,-0.1873
1974259,onetrust,mct,0,7,394155,394155,6.625,singlefamily,primaryresidence,1,conf,purchase,full,du,732,95,95,1,0,sc,other,other,fixed,360,fnmafixed30,0,0,0,0,1,upper,moderate,upper middle,0,0,0,security,fglmc,buyup,fgf30s,ltv  95,5.5,0.25,0.25,0.135,0,98.678395,-0.875,0.078125,320,0,0,0,1,1,0,0.0444,107,5.464,4.223,3.959,5.159,19.4,15769.46,0,-0.1873
1974260,onetrust,mct,0,7,656950,656950,6.875,pud,primaryresidence,1,conf,purchase,full,du,700,93.85,93.85,1,0,sc,other,other,fixed,360,fnmafixed30,0,0,0,0,0,upper,high,lower middle,1,0,0,security,fnma,buyup,fnf30s,newprod,6,0.25,0,0.155,0,99.367894,-1.125,0.001953,320,0,0,0,0,0,0,0.6377,102,5.211,3.688,3.816,5.316,62.5,12977.5,0,-0.1873
1974286,onetrust,mct,0,7,397500,397500,7.25,singlefamily,investment,1,conf,purchase,full,du,732,75,75,1,0,or,other,other,fixed,360,fnmafixed30,0,0,0,0,1,moderate,high,low,0,0,0,security,fglmc,cap,fgf30s,nonowner,6.5,0.25,0.01,0,0,98.938673,-2.875,0.21875,320,0,0,0,0,0,0,0.0514,102,4.612,3.568,3.035,4.435,33.8,5160.04,0,-0.1873
1974288,onetrust,mct,0,7,945000,945000,7.125,condo,primaryresidence,1,conf,purchase,full,lp,782,90,90,1,0,ca,other,other,fixed,360,fhlmcfixed30highbal,1,1,1,0,0,middle,middle,lower middle,0,0,0,security,fglmc,buyup,fgf30s,hb,6,0.25,0.25,0.135,0,99.100851,-2,-0.001218,320,0,0,0,0,0,0,0,99,4.575,3.07,3.017,4.417,49.9,16433.33,0,-0.1873
1974291,onetrust,mct,0,7,324999,324999,6.5,singlefamily,primaryresidence,1,conf,purchase,full,du,798,56.522,56.522,1,0,tx,other,other,fixed,360,fnmafixed30,1,0,0,0,1,upper,moderate,upper middle,0,0,0,security,fglmc,buyup,fgf30s,tx,5.5,0.25,0.25,0.01,0,99.577064,0,0.003125,320,0,0,0,1,1,0,0.0067,94,7.306,4.76,4.119,5.319,4.3,69827.66,0,-0.1873
1974298,onetrust,mct,0,7,403750,403750,6.125,singlefamily,primaryresidence,1,conf,purchase,full,du,666,85,85,1,0,nv,other,other,fixed,360,fnmafixed30,1,0,0,0,1,moderate,middle,upper middle,1,1,0,security,fnma,buydn,fnf30s,fico <700,5.5,0.25,0,0,0.095,97.007843,0,0.003125,320,0,1,0,0,0,0,0.6317,119,5.119,4.142,4.466,6.226,49.6,6240.18,0,-0.1873
1974299,onetrust,mct,0,7,598150,598150,6.625,pud,primaryresidence,1,conf,purchase,full,du,784,80,80,1,1,nv,other,other,fixed,360,fnmafixed30,1,0,0,0,0,upper,middle,lower middle,0,0,0,security,fglmc,buydn,fgf30s,newprod,6,0.25,0,0,0.115,98.946617,-0.375,0.001953,320,0,0,0,0,0,0,0.0066,127,4.602,3.298,3.959,5.159,17.1,26368.33,0,-0.1873
1974300,onetrust,mct,0,7,616250,616250,6.25,singlefamily,primaryresidence,1,conf,purchase,full,du,723,85,85,1,0,nv,other,other,fixed,360,fnmafixed30,0,0,0,0,0,upper,middle,lower middle,0,0,0,security,fglmc,cap,fgf30s,newprod,5.5,0.25,0.01,0,0,96.542161,-1.25,0.000122,320,0,0,0,0,0,0,0.1427,121,5.022,3.868,4.469,5.669,44.2,14759.23,0,-0.1873
